run_id,method,seed,episode,step,ep_reward,score,epsilon,loss,wall_time
DQN_UNIFORM_seed_0_1790605434,DQN_UNIFORM,0,1,50,-7.50,0,0.9990,0.00000,0.0
DQN_UNIFORM_seed_0_1790605434,DQN_UNIFORM,0,2,100,-6.90,0,0.9980,0.00000,0.0
DQN_UNIFORM_seed_0_1790605434,DQN_UNIFORM,0,3,150,-7.50,0,0.9970,0.00000,0.0
DQN_UNIFORM_seed_0_1790605434,DQN_UNIFORM,0,4,200,-6.30,0,0.9960,0.00000,0.0
DQN_UNIFORM_seed_0_1790605434,DQN_UNIFORM,0,5,250,-8.10,0,0.9950,0.00000,0.0
DQN_UNIFORM_seed_0_1790605434,DQN_UNIFORM,0,6,300,-7.50,0,0.9941,0.00000,0.0
DQN_UNIFORM_seed_0_1790605434,DQN_UNIFORM,0,7,350,-7.50,0,0.9931,0.00000,0.0
DQN_UNIFORM_seed_0_1790605434,DQN_UNIFORM,0,8,400,-6.90,0,0.9921,0.00000,0.0
DQN_UNIFORM_seed_0_1790605434,DQN_UNIFORM,0,9,450,-6.30,0,0.9911,0.00000,0.0
DQN_UNIFORM_seed_0_1790605434,DQN_UNIFORM,0,10,500,-8.70,0,0.9901,0.12985,0.0
DQN_UNIFORM_seed_0_1790605434,DQN_UNIFORM,0,11,550,-6.30,0,0.9891,0.04617,0.0
DQN_UNIFORM_seed_0_1790605434,DQN_UNIFORM,0,12,600,-6.30,0,0.9881,0.02156,0.1
DQN_UNIFORM_seed_0_1790605434,DQN_UNIFORM,0,13,650,-6.30,0,0.9871,0.02020,0.1
DQN_UNIFORM_seed_0_1790605434,DQN_UNIFORM,0,14,700,-7.50,0,0.9861,0.01639,0.1
DQN_UNIFORM_seed_0_1790605434,DQN_UNIFORM,0,15,750,-8.10,0,0.9851,0.01664,0.1
DQN_UNIFORM_seed_0_1790605434,DQN_UNIFORM,0,16,800,-8.10,0,0.9842,0.01350,0.1
DQN_UNIFORM_seed_0_1790605434,DQN_UNIFORM,0,17,850,-5.70,0,0.9832,0.01290,0.1
DQN_UNIFORM_seed_0_1790605434,DQN_UNIFORM,0,18,900,-8.10,0,0.9822,0.01192,0.1
DQN_UNIFORM_seed_0_1790605434,DQN_UNIFORM,0,19,950,-8.10,0,0.9812,0.01044,0.2
DQN_UNIFORM_seed_0_1790605434,DQN_UNIFORM,0,20,1000,-8.70,0,0.9802,0.01070,0.2
DQN_UNIFORM_seed_0_1790605434,DQN_UNIFORM,0,21,1050,-7.50,0,0.9792,0.02134,0.2
DQN_UNIFORM_seed_0_1790605434,DQN_UNIFORM,0,22,1100,-8.10,0,0.9782,0.00936,0.2
DQN_UNIFORM_seed_0_1790605434,DQN_UNIFORM,0,23,1150,-6.90,0,0.9772,0.00813,0.2
DQN_UNIFORM_seed_0_1790605434,DQN_UNIFORM,0,24,1200,-2.70,0,0.9762,0.00734,0.2
DQN_UNIFORM_seed_0_1790605434,DQN_UNIFORM,0,25,1250,-7.50,0,0.9752,0.00826,0.3
DQN_UNIFORM_seed_0_1790605434,DQN_UNIFORM,0,26,1300,-8.10,0,0.9743,0.00739,0.3
DQN_UNIFORM_seed_0_1790605434,DQN_UNIFORM,0,27,1350,-8.70,0,0.9733,0.00608,0.3
DQN_UNIFORM_seed_0_1790605434,DQN_UNIFORM,0,28,1400,-8.70,0,0.9723,0.00590,0.3
DQN_UNIFORM_seed_0_1790605434,DQN_UNIFORM,0,29,1450,-8.10,0,0.9713,0.00649,0.3
DQN_UNIFORM_seed_0_1790605434,DQN_UNIFORM,0,30,1500,-8.10,0,0.9703,0.00562,0.3
DQN_UNIFORM_seed_0_1790605434,DQN_UNIFORM,0,31,1550,-7.50,0,0.9693,0.00569,0.3
DQN_UNIFORM_seed_0_1790605434,DQN_UNIFORM,0,32,1600,-7.50,0,0.9683,0.00504,0.4
DQN_UNIFORM_seed_0_1790605434,DQN_UNIFORM,0,33,1650,-7.50,0,0.9673,0.00503,0.4
DQN_UNIFORM_seed_0_1790605434,DQN_UNIFORM,0,34,1700,-6.90,0,0.9663,0.00545,0.4
DQN_UNIFORM_seed_0_1790605434,DQN_UNIFORM,0,35,1750,-8.10,0,0.9654,0.00460,0.4
DQN_UNIFORM_seed_0_1790605434,DQN_UNIFORM,0,36,1800,-8.10,0,0.9644,0.00482,0.4
DQN_UNIFORM_seed_0_1790605434,DQN_UNIFORM,0,37,1850,-6.90,0,0.9634,0.00465,0.4
DQN_UNIFORM_seed_0_1790605434,DQN_UNIFORM,0,38,1900,-8.10,0,0.9624,0.00460,0.4
DQN_UNIFORM_seed_0_1790605434,DQN_UNIFORM,0,39,1950,-8.10,0,0.9614,0.00398,0.5
DQN_UNIFORM_seed_0_1790605434,DQN_UNIFORM,0,40,2000,-8.10,0,0.9604,0.00397,0.5
DQN_UNIFORM_seed_0_1790605434,DQN_UNIFORM,0,41,2050,-8.10,0,0.9594,0.01981,0.5
DQN_UNIFORM_seed_0_1790605434,DQN_UNIFORM,0,42,2100,-1.50,0,0.9584,0.00913,0.6
DQN_UNIFORM_seed_0_1790605434,DQN_UNIFORM,0,43,2150,-7.50,0,0.9574,0.00843,0.6
DQN_UNIFORM_seed_0_1790605434,DQN_UNIFORM,0,44,2200,-3.90,0,0.9564,0.00822,0.6
DQN_UNIFORM_seed_0_1790605434,DQN_UNIFORM,0,45,2250,-8.10,0,0.9555,0.00812,0.6
DQN_UNIFORM_seed_0_1790605434,DQN_UNIFORM,0,46,2300,-8.70,0,0.9545,0.00790,0.7
DQN_UNIFORM_seed_0_1790605434,DQN_UNIFORM,0,47,2350,-7.50,0,0.9535,0.00761,0.7
DQN_UNIFORM_seed_0_1790605434,DQN_UNIFORM,0,48,2400,-6.90,0,0.9525,0.00665,0.7
DQN_UNIFORM_seed_0_1790605434,DQN_UNIFORM,0,49,2450,-8.10,0,0.9515,0.00668,0.7
DQN_UNIFORM_seed_0_1790605434,DQN_UNIFORM,0,50,2500,-6.30,0,0.9505,0.00672,0.7
